[
  {
    "id": "00af6408-831d-470f-bc89-70b48f777d83",
    "data": [
      {
        "text": "98899889921",
        "alias": "phonenumber",
        "meta": "@sys.phone-number",
        "userDefined": true
      }
    ],
    "isTemplate": false,
    "count": 0
  },
  {
    "id": "e4f385d1-92c9-4fc7-ab9c-753c931c7175",
    "data": [
      {
        "text": "98321123456",
        "alias": "phonenumber",
        "meta": "@sys.phone-number",
        "userDefined": true
      }
    ],
    "isTemplate": false,
    "count": 0
  },
  {
    "id": "7dbc2049-ccd0-41cc-af33-2a46392a99df",
    "data": [
      {
        "text": "87509874632",
        "alias": "phonenumber",
        "meta": "@sys.phone-number",
        "userDefined": true
      }
    ],
    "isTemplate": false,
    "count": 0
  },
  {
    "id": "1970de1e-38d1-40c5-9a0d-457245d7889d",
    "data": [
      {
        "text": "8750949345",
        "alias": "phonenumber",
        "meta": "@sys.phone-number",
        "userDefined": true
      }
    ],
    "isTemplate": false,
    "count": 0
  },
  {
    "id": "a98217c9-3087-4ccc-8887-7fa7f9cc924a",
    "data": [
      {
        "text": "My phone number is ",
        "userDefined": false
      },
      {
        "text": "97424944323",
        "alias": "phonenumber",
        "meta": "@sys.phone-number",
        "userDefined": false
      }
    ],
    "isTemplate": false,
    "count": 0
  },
  {
    "id": "6fce64b8-493f-4eae-b7fd-96788de8cea2",
    "data": [
      {
        "text": "9897968934",
        "alias": "phonenumber",
        "meta": "@sys.phone-number",
        "userDefined": true
      }
    ],
    "isTemplate": false,
    "count": 0
  }
]