[
  {
    "id": "e1f011a5-28a9-42bc-bd8f-87b9ab417990",
    "data": [
      {
        "text": "My last ",
        "userDefined": false
      },
      {
        "text": "4",
        "alias": "number1",
        "meta": "@sys.number",
        "userDefined": false
      },
      {
        "text": " digits of account number is ",
        "userDefined": false
      },
      {
        "text": "4443",
        "alias": "number",
        "meta": "@sys.number",
        "userDefined": false
      }
    ],
    "isTemplate": false,
    "count": 0
  },
  {
    "id": "6c8974db-6058-432c-8c2a-e7c882a3843c",
    "data": [
      {
        "text": "111405******4590",
        "userDefined": false
      }
    ],
    "isTemplate": true,
    "count": 1
  },
  {
    "id": "eec2290d-3ce8-4241-bfae-0bac8366d0a6",
    "data": [
      {
        "text": "111209******3452",
        "userDefined": false
      }
    ],
    "isTemplate": true,
    "count": 0
  },
  {
    "id": "ae7c8264-060c-476a-92b0-b6f161c80329",
    "data": [
      {
        "text": "6890",
        "alias": "number",
        "meta": "@sys.number",
        "userDefined": false
      }
    ],
    "isTemplate": false,
    "count": 0,
    "updated": 1515482441
  },
  {
    "id": "2ab82436-5498-4301-bed2-4ff2d85321d6",
    "data": [
      {
        "text": "4567",
        "alias": "number",
        "meta": "@sys.number",
        "userDefined": false
      }
    ],
    "isTemplate": false,
    "count": 0,
    "updated": 1515482441
  }
]