[
  {
    "id": "784cb8b1-15c5-43ed-bb81-edf04bba5113",
    "data": [
      {
        "text": "my pin is ",
        "userDefined": false
      },
      {
        "text": "1234",
        "alias": "number",
        "meta": "@sys.number",
        "userDefined": false
      }
    ],
    "isTemplate": false,
    "count": 0
  },
  {
    "id": "95953d90-9f96-43cd-8925-5aa407f27ec7",
    "data": [
      {
        "text": "otp is ",
        "userDefined": false
      },
      {
        "text": "5678",
        "alias": "number",
        "meta": "@sys.number",
        "userDefined": false
      }
    ],
    "isTemplate": false,
    "count": 0
  },
  {
    "id": "d71da098-f1e2-4808-acd1-b9bdd9269b5b",
    "data": [
      {
        "text": "1234",
        "alias": "number",
        "meta": "@sys.number",
        "userDefined": false
      }
    ],
    "isTemplate": false,
    "count": 0
  },
  {
    "id": "ce8e0f54-d73f-44e8-95fd-48971e61b662",
    "data": [
      {
        "text": "4444",
        "alias": "number",
        "meta": "@sys.number",
        "userDefined": false
      }
    ],
    "isTemplate": false,
    "count": 0
  }
]