[
  {
    "id": "03cc5c29-d3d5-4311-b582-59d1809a0abc",
    "data": [
      {
        "text": "Show my account balance",
        "userDefined": false
      }
    ],
    "isTemplate": false,
    "count": 0
  },
  {
    "id": "006408bf-f5a8-40f4-998b-49a4d782f57e",
    "data": [
      {
        "text": "I want to know my balance",
        "userDefined": false
      }
    ],
    "isTemplate": false,
    "count": 0
  },
  {
    "id": "0c4eacec-476b-4157-b4e6-3aa6e2a2583d",
    "data": [
      {
        "text": "I want to know about my accounts",
        "userDefined": false
      }
    ],
    "isTemplate": false,
    "count": 1,
    "updated": 1515478736
  },
  {
    "id": "142b6676-df97-4ae0-bfb1-eff2200dddca",
    "data": [
      {
        "text": "account information",
        "userDefined": false
      }
    ],
    "isTemplate": false,
    "count": 0,
    "updated": 1515478736
  },
  {
    "id": "fbdadac5-27c5-4fb3-bba9-4f4705966d18",
    "data": [
      {
        "text": "account related information",
        "userDefined": false
      }
    ],
    "isTemplate": false,
    "count": 0,
    "updated": 1515478736
  },
  {
    "id": "d0b93aff-2cb2-4705-87bc-8059472bcbe1",
    "data": [
      {
        "text": "accounts",
        "userDefined": false
      }
    ],
    "isTemplate": false,
    "count": 0,
    "updated": 1515478736
  },
  {
    "id": "c4691d52-a941-46ba-ae57-d9b19359aa8f",
    "data": [
      {
        "text": "Account Info",
        "userDefined": false
      }
    ],
    "isTemplate": false,
    "count": 0,
    "updated": 1515478736
  }
]