[
  {
    "id": "f87c7853-e2bf-421e-b585-3b05a3df54c6",
    "data": [
      {
        "text": "balance",
        "userDefined": false
      }
    ],
    "isTemplate": false,
    "count": 0,
    "updated": 1515484038
  },
  {
    "id": "45e80c2d-ff24-4141-b450-0958422a4730",
    "data": [
      {
        "text": "Show me my balance",
        "userDefined": false
      }
    ],
    "isTemplate": false,
    "count": 0,
    "updated": 1515484038
  },
  {
    "id": "6d7b03bb-6d88-4444-87bf-1afcfaeb5620",
    "data": [
      {
        "text": "Available balance",
        "userDefined": false
      }
    ],
    "isTemplate": false,
    "count": 0,
    "updated": 1515484038
  }
]