[
  {
    "id": "41ba78d4-00f5-4e3a-b4e2-dfb062459b58",
    "data": [
      {
        "text": "1234",
        "alias": "number",
        "meta": "@sys.number",
        "userDefined": false
      },
      {
        "text": " ",
        "userDefined": false
      },
      {
        "text": "Rupay",
        "alias": "cardNetwork",
        "meta": "@cardNetwork",
        "userDefined": true
      }
    ],
    "isTemplate": false,
    "count": 1
  },
  {
    "id": "2853a7bc-efb6-470d-848e-b251024ec964",
    "data": [
      {
        "text": "2341",
        "alias": "number",
        "meta": "@sys.number",
        "userDefined": false
      },
      {
        "text": " ",
        "userDefined": false
      },
      {
        "text": "Mastercard",
        "alias": "cardNetwork",
        "meta": "@cardNetwork",
        "userDefined": true
      }
    ],
    "isTemplate": false,
    "count": 0
  },
  {
    "id": "fe2c246b-383d-4ddc-a4d4-36eebbc128b6",
    "data": [
      {
        "text": "4562",
        "alias": "number",
        "meta": "@sys.number",
        "userDefined": false
      },
      {
        "text": " ",
        "userDefined": false
      },
      {
        "text": "Visa",
        "alias": "cardNetwork",
        "meta": "@cardNetwork",
        "userDefined": true
      }
    ],
    "isTemplate": false,
    "count": 0
  },
  {
    "id": "40f5b8b3-c8cd-4295-9e90-1765502c669e",
    "data": [
      {
        "text": "543678****",
        "userDefined": false
      },
      {
        "text": "1234",
        "alias": "number",
        "meta": "@sys.number",
        "userDefined": true
      },
      {
        "text": " ",
        "userDefined": false
      },
      {
        "text": "Mastercard",
        "alias": "cardNetwork",
        "meta": "@cardNetwork",
        "userDefined": true
      }
    ],
    "isTemplate": false,
    "count": 0
  },
  {
    "id": "974bb720-34af-4a50-a958-a482ff4c8128",
    "data": [
      {
        "text": "456421****",
        "userDefined": false
      },
      {
        "text": "1234",
        "alias": "number",
        "meta": "@sys.number",
        "userDefined": true
      },
      {
        "text": " ",
        "userDefined": false
      },
      {
        "text": "Visa",
        "alias": "cardNetwork",
        "meta": "@cardNetwork",
        "userDefined": true
      }
    ],
    "isTemplate": false,
    "count": 0
  }
]