[
  {
    "id": "a80b81a4-ff2c-4b39-8b10-8f901a4725db",
    "data": [
      {
        "text": "I want to know my card balance",
        "userDefined": false
      }
    ],
    "isTemplate": false,
    "count": 0,
    "updated": 1515484853
  },
  {
    "id": "0cd6e7a7-ab42-48bb-9c17-ec75eb43ce30",
    "data": [
      {
        "text": "I want my card information",
        "userDefined": false
      }
    ],
    "isTemplate": false,
    "count": 0,
    "updated": 1515484853
  },
  {
    "id": "6e779364-ee34-4dcc-a9f5-16fa8cd3c7d3",
    "data": [
      {
        "text": "I want the details regarding my card",
        "userDefined": false
      }
    ],
    "isTemplate": false,
    "count": 0,
    "updated": 1515484853
  },
  {
    "id": "6531d4b8-9179-4a47-94fa-6de61958ec60",
    "data": [
      {
        "text": "Card info",
        "userDefined": false
      }
    ],
    "isTemplate": false,
    "count": 0,
    "updated": 1515484853
  }
]