[
  {
    "id": "8c1846cb-5c99-4ab5-b2f3-d9ac6204a9aa",
    "data": [
      {
        "text": "bye",
        "userDefined": false
      }
    ],
    "isTemplate": false,
    "count": 0,
    "updated": 1515479962
  },
  {
    "id": "1dc06f05-4d62-46a3-9523-c9c7259b6397",
    "data": [
      {
        "text": "Ok bye",
        "userDefined": false
      }
    ],
    "isTemplate": false,
    "count": 0,
    "updated": 1515479962
  },
  {
    "id": "1ed6a1c7-6bdc-4fc7-9314-ce017f40ac68",
    "data": [
      {
        "text": "I\u0027m done",
        "userDefined": false
      }
    ],
    "isTemplate": false,
    "count": 0,
    "updated": 1515479962
  },
  {
    "id": "4b4ec321-6cd4-4d3d-a8fa-27f318748490",
    "data": [
      {
        "text": "Over",
        "userDefined": false
      }
    ],
    "isTemplate": false,
    "count": 0,
    "updated": 1515479962
  },
  {
    "id": "5534d83b-4666-4b68-9adf-e6de80ee3617",
    "data": [
      {
        "text": "Done",
        "userDefined": false
      }
    ],
    "isTemplate": false,
    "count": 0,
    "updated": 1515479962
  },
  {
    "id": "4251bd33-f738-49dd-9a3e-8c77f2ce1bb0",
    "data": [
      {
        "text": "Thanks, that\u0027s all",
        "userDefined": false
      }
    ],
    "isTemplate": false,
    "count": 0,
    "updated": 1515479962
  },
  {
    "id": "0e8e9fb1-69af-4b6e-af6f-6440e36ab2fd",
    "data": [
      {
        "text": "Ok Thanks",
        "userDefined": false
      }
    ],
    "isTemplate": false,
    "count": 0,
    "updated": 1515479962
  },
  {
    "id": "b55e756f-2928-47fb-8606-3d8ba191b70c",
    "data": [
      {
        "text": "Exit",
        "userDefined": false
      }
    ],
    "isTemplate": false,
    "count": 0,
    "updated": 1515479962
  }
]