[
  {
    "id": "b30d7c6e-fdc2-44d5-ae8e-e00e8c78e71a",
    "data": [
      {
        "text": "Which is the nearest branch",
        "userDefined": false
      }
    ],
    "isTemplate": false,
    "count": 0
  },
  {
    "id": "769296b6-fa21-4ddb-9742-3f4ae642c69f",
    "data": [
      {
        "text": "How to open a new bank account",
        "userDefined": false
      }
    ],
    "isTemplate": false,
    "count": 0
  },
  {
    "id": "3c4122e7-cd7b-434c-8139-2464dd7e0042",
    "data": [
      {
        "text": "I want to know about the loan process",
        "userDefined": false
      }
    ],
    "isTemplate": false,
    "count": 0
  },
  {
    "id": "9ad3da50-91e9-46b7-8637-54083316c747",
    "data": [
      {
        "text": "I want to know the nearest branch",
        "userDefined": false
      }
    ],
    "isTemplate": false,
    "count": 0
  },
  {
    "id": "2521bf5e-7780-4bdf-90c4-ae8bd67d1dd0",
    "data": [
      {
        "text": "I want to know about the process of opening an account",
        "userDefined": false
      }
    ],
    "isTemplate": false,
    "count": 0
  },
  {
    "id": "5ea118f4-32e1-4e49-93c3-bded03e6cf1e",
    "data": [
      {
        "text": "Branch info",
        "userDefined": false
      }
    ],
    "isTemplate": false,
    "count": 0
  },
  {
    "id": "797edee7-768e-4b60-9793-3a09b53b6006",
    "data": [
      {
        "text": "Branch Information",
        "userDefined": false
      }
    ],
    "isTemplate": false,
    "count": 0
  },
  {
    "id": "720f5c66-5675-4c56-bfff-9a702f6c8b6c",
    "data": [
      {
        "text": "Loan information",
        "userDefined": false
      }
    ],
    "isTemplate": false,
    "count": 0
  },
  {
    "id": "cc908930-f6a5-4f31-8573-7192a4291e86",
    "data": [
      {
        "text": "Loan Info",
        "userDefined": false
      }
    ],
    "isTemplate": false,
    "count": 0
  },
  {
    "id": "c337f575-e9e8-4fc7-a712-138d37b5367f",
    "data": [
      {
        "text": "Account opening",
        "userDefined": false
      }
    ],
    "isTemplate": false,
    "count": 0
  }
]