[
  {
    "id": "a813fd3e-405a-4118-8352-4b39ff9d1db8",
    "data": [
      {
        "text": "I want to know my last transaction",
        "userDefined": false
      }
    ],
    "isTemplate": false,
    "count": 0,
    "updated": 1515484333
  },
  {
    "id": "129d2f56-334f-4e8e-ab13-406f4b7f3389",
    "data": [
      {
        "text": "last transaction",
        "userDefined": false
      }
    ],
    "isTemplate": false,
    "count": 0,
    "updated": 1515484333
  },
  {
    "id": "e12bd81b-9c33-4b4e-8c90-26438ebd7a4b",
    "data": [
      {
        "text": "Show my last transaction",
        "userDefined": false
      }
    ],
    "isTemplate": false,
    "count": 0,
    "updated": 1515484333
  }
]