[
  {
    "id": "ab098a5b-d916-48b5-afc5-6381f2bfb60a",
    "data": [
      {
        "text": "show my last ",
        "userDefined": false
      },
      {
        "text": "5",
        "alias": "number",
        "meta": "@sys.number",
        "userDefined": false
      },
      {
        "text": " transactions",
        "userDefined": false
      }
    ],
    "isTemplate": false,
    "count": 0,
    "updated": 1515494368
  },
  {
    "id": "2649c982-077f-4758-a74e-cf1ac0c205ba",
    "data": [
      {
        "text": "I want to know my last ",
        "userDefined": false
      },
      {
        "text": "5",
        "alias": "number",
        "meta": "@sys.number",
        "userDefined": false
      },
      {
        "text": " transactions",
        "userDefined": false
      }
    ],
    "isTemplate": false,
    "count": 0,
    "updated": 1515494368
  },
  {
    "id": "5ead84c4-4e90-47b7-9366-3a3ead119511",
    "data": [
      {
        "text": "last ",
        "userDefined": false
      },
      {
        "text": "5",
        "alias": "number",
        "meta": "@sys.number",
        "userDefined": false
      },
      {
        "text": " transactions",
        "userDefined": false
      }
    ],
    "isTemplate": false,
    "count": 0,
    "updated": 1515494368
  }
]