[
  {
    "id": "4fcf0c2a-ebf3-4057-8ce4-9037f119d029",
    "data": [
      {
        "text": "Previous screen",
        "userDefined": false
      }
    ],
    "isTemplate": false,
    "count": 0,
    "updated": 1515484521
  },
  {
    "id": "e047b1a5-83b7-472a-bc7e-bb63472ba275",
    "data": [
      {
        "text": "go back",
        "userDefined": false
      }
    ],
    "isTemplate": false,
    "count": 0,
    "updated": 1515484521
  },
  {
    "id": "009e1233-65bf-48d3-9881-a787973badc6",
    "data": [
      {
        "text": "Main menu",
        "userDefined": false
      }
    ],
    "isTemplate": false,
    "count": 0,
    "updated": 1515484521
  },
  {
    "id": "6a979e83-6bb4-4009-8b7b-794104d89dce",
    "data": [
      {
        "text": "Go back to main menu",
        "userDefined": false
      }
    ],
    "isTemplate": false,
    "count": 0,
    "updated": 1515484521
  }
]